PubmedID,Title,Publication Date,Non-academic Author(s),Company Affiliation(s),Corresponding Author Email
40207307,Reprogramming of Glucose Metabolism by Nanocarriers to Improve Cancer ,2025,"Jiang, Kehua; Liu, Hongming; Chen, Xiaolong; Wang, Zhen; Wang, Xiaodong; Gu, Xiaoya; Tong, Yonghua; Ba, Xiaozhuo; He, Yu; Wu, Jian; Deng, Wen; Wang, Qing; Tang, Kun","Department of Urology, Guizhou Provincial People's Hospital, Guiyang, Guizhou, ; Department of Urology, Guizhou Provincial People's Hospital, Guiyang, Guizhou, ; Department of Urology, Guizhou Provincial People's Hospital, Guiyang, Guizhou, ; Department of Urology, Guizhou Provincial People's Hospital, Guiyang, Guizhou, ; Department of Urology, Guizhou Provincial People's Hospital, Guiyang, Guizhou, ",N/A
40207284,Advances in engineered bacteria vaccines for enhancing anti-cancer immunity.,2025,"Liu, Wu; Chen, Wenjing; Cai, Yujie; Tang, Yanhua; Chen, Tingtao","School of Pharmacy, Jiangxi Medical College, Nanchang University, Nanchang ; School of Pharmacy, Jiangxi Medical College, Nanchang University, Nanchang ; Jiangxi Province Key Laboratory of Bioengineering Drugs, The MOE Basic Research ",N/A
40207279,"Profiling the gut and oral microbiota of hormone receptor-positive, HER2-negative ",2025,"Teng, Nancy My; Malfettone, Andrea; Dalby, Matthew J; Kiu, Raymond; Seki, David; Robinson, Tim; Gion, Maria; Bermejo, Begona; Perez-Garcia, Jose Manuel; Prat, Aleix; Vazquez, Raul Marquez; Llombart-Cussac, Antonio; Curigliano, Giuseppe; Schmid, Peter; Barroso-Sousa, Romualdo; Mancino, Mario; Shimizu, Eileen; Rodriguez-Morato, Jose; Mina, Leonardo; Hall, Lindsay J; Robinson, Stephen D; Cortes, Javier","Medical Oncology, Hospital Clinico de Valencia, INCLIVA, CIBERONC, Medicine ; Medical Oncology Department, Hospital Clinic y Provincial de Barcelona, Barcelona ",N/A
40207222,Impact of lactate on immune cell function in the tumor microenvironment: ,2025,"Gu, Xuan-Yu; Yang, Jia-Li; Lai, Rui; Zhou, Zheng-Jun; Tang, Dan; Hu, Long; Zhao, Li-Jin","Wisdom Lake Academy of Pharmacy, Xi'an Jiaotong-Liverpool University, Suzhou, ",N/A
40207221,Molecular basis underpinning MR1 allomorph recognition by an MR1-restricted T ,2025,"Suckling, Richard J; Pamukcu, Cevriye; Simmons, Robert Alan; Fonseca, Daniel; Grant, Emma; Harrison, Rory; Shaikh, Saher A; Khanolkar, Rahul C; Ghadbane, Hemza; Creese, Andrew; Hock, Miriam; Gligoris, Thomas G; Lepore, Marco; Karuppiah, Vijaykumar; Salio, Mariolina","Immunocore Ltd., Abingdon, United Kingdom.; Immunocore Ltd., Abingdon, United Kingdom.; Immunocore Ltd., Abingdon, United Kingdom.; Immunocore Ltd., Abingdon, United Kingdom.; Immunocore Ltd., Abingdon, United Kingdom.; Immunocore Ltd., Abingdon, United Kingdom.; Immunocore Ltd., Abingdon, United Kingdom.; Immunocore Ltd., Abingdon, United Kingdom.; Immunocore Ltd., Abingdon, United Kingdom.; Immunocore Ltd., Abingdon, United Kingdom.; Immunocore Ltd., Abingdon, United Kingdom.; Immunocore Ltd., Abingdon, United Kingdom.; Immunocore Ltd., Abingdon, United Kingdom.; Immunocore Ltd., Abingdon, United Kingdom.; Immunocore Ltd., Abingdon, United Kingdom.",N/A
40207200,Transcriptome analysis reveals the potential role of neural factor EN1 for ,2025 Jun 18,"Ren, He; Liu, Shan; Ji, Dongchen; Li, Xue; Sun, Xue; Wang, Wenzheng; Liu, Tong; Li, Yingpu",Genomics Research Center (Key Laboratory of Gut Microbiota and Pharmacogenomics ,N/A
40207017,Fusobacterium nucleatum in Colorectal Cancer: Ally Mechanism and Targeted Therapy ,2025,"Lu, Junna; Wei, Wei; Zheng, Diwei","State Key Laboratory of Biopharmaceutical Preparation and Delivery, Institute of ; State Key Laboratory of Biopharmaceutical Preparation and Delivery, Institute of ; State Key Laboratory of Biopharmaceutical Preparation and Delivery, Institute of ",N/A
40206506,Identification of mitochondrial permeability transition-related lncRNAs as ,2025,"Lin, Zhongshu; Wang, Xinlu; Hua, Guanxiang; Zhong, Fangmin; Cheng, Wangxinjun; Qiu, Yuxiang; Chi, Zhe; Zeng, Huan; Wang, Xiaozhong","Jiangxi Province Key Laboratory of Immunology and Inflammation, Jiangxi ; Jiangxi Province Key Laboratory of Immunology and Inflammation, Jiangxi ; Jiangxi Province Key Laboratory of Immunology and Inflammation, Jiangxi ; Jiangxi Province Key Laboratory of Immunology and Inflammation, Jiangxi ; Jiangxi Province Key Laboratory of Immunology and Inflammation, Jiangxi ; Jiangxi Province Key Laboratory of Immunology and Inflammation, Jiangxi ",N/A
40206434,Prognostic comparison between pulmonary metastasectomy and combination ,2025 Mar,"Sun, Juxian; Liu, Chang; Tao, Xiandong; Yang, Yu; Jin, Hai; Cheng, Shuqun; Shi, Huazheng; Yan, Maolin; Shi, Jie","Department of Hepatobiliary Surgery, Fujian Provincial Hospital, Fujian Medical ",N/A
